"Status","Start Time","Stop Time","Duration in ms","Parent Suite","Suite","Sub Suite","Test Class","Test Method","Name","Description"
"passed","Mon Sep 14 19:21:15 CST 2020","Mon Sep 14 19:21:15 CST 2020","119","case","test_04_ inspirerdetails","","","","test_01_getinspirerr",""
"passed","Mon Sep 14 19:21:13 CST 2020","Mon Sep 14 19:21:13 CST 2020","246","case","test_02_article","","","","test_05_articlenew_success",""
"passed","Mon Sep 14 19:21:11 CST 2020","Mon Sep 14 19:21:12 CST 2020","142","case","test_01_index","","","","test_03_getquestions",""
"passed","Mon Sep 14 19:21:16 CST 2020","Mon Sep 14 19:21:16 CST 2020","137","case","test_04_ inspirerdetails","","","","test_09_inspirerdelete",""
"passed","Mon Sep 14 19:21:14 CST 2020","Mon Sep 14 19:21:14 CST 2020","135","case","test_02_article","","","","test_10_articlenew_tokenblank",""
"passed","Mon Sep 14 19:21:15 CST 2020","Mon Sep 14 19:21:15 CST 2020","154","case","test_04_ inspirerdetails","","","","test_02_getcomments",""
"passed","Mon Sep 14 19:21:12 CST 2020","Mon Sep 14 19:21:12 CST 2020","133","case","test_01_index","","","","test_05_getinspirer",""
"passed","Mon Sep 14 19:21:14 CST 2020","Mon Sep 14 19:21:14 CST 2020","137","case","test_02_article","","","","test_09_articlenew_tagsblank",""
"passed","Mon Sep 14 19:21:13 CST 2020","Mon Sep 14 19:21:14 CST 2020","139","case","test_02_article","","","","test_08_articlenew_briefblank",""
"passed","Mon Sep 14 19:21:15 CST 2020","Mon Sep 14 19:21:15 CST 2020","128","case","test_04_ inspirerdetails","","","","test_03_getuser4status",""
"passed","Mon Sep 14 19:21:14 CST 2020","Mon Sep 14 19:21:15 CST 2020","123","case","test_03_inspirer","","","","test_03_inspirernew_contentblank_fail",""
"failed","Mon Sep 14 19:21:16 CST 2020","Mon Sep 14 19:21:16 CST 2020","143","case","test_04_ inspirerdetails","","","","test_08_commentdelete",""
"passed","Mon Sep 14 19:21:14 CST 2020","Mon Sep 14 19:21:14 CST 2020","137","case","test_03_inspirer","","","","test_02_inspirernew_success",""
"passed","Mon Sep 14 19:21:14 CST 2020","Mon Sep 14 19:21:14 CST 2020","167","case","test_02_article","","","","test_11_articlenew_wrongtoken",""
"passed","Mon Sep 14 19:21:16 CST 2020","Mon Sep 14 19:21:16 CST 2020","131","case","test_04_ inspirerdetails","","","","test_07_commentupdate",""
"passed","Mon Sep 14 19:21:14 CST 2020","Mon Sep 14 19:21:14 CST 2020","156","case","test_03_inspirer","","","","test_01_getinspirer",""
"passed","Mon Sep 14 19:21:15 CST 2020","Mon Sep 14 19:21:16 CST 2020","177","case","test_04_ inspirerdetails","","","","test_05_userfellgoods",""
"passed","Mon Sep 14 19:21:16 CST 2020","Mon Sep 14 19:21:16 CST 2020","139","case","test_04_ inspirerdetails","","","","test_06_commentnew",""
"passed","Mon Sep 14 19:21:12 CST 2020","Mon Sep 14 19:21:12 CST 2020","152","case","test_01_index","","","","test_06_gethighusers",""
"passed","Mon Sep 14 19:21:12 CST 2020","Mon Sep 14 19:21:12 CST 2020","317","case","test_01_index","","","","test_04_getarticle",""
"passed","Mon Sep 14 19:21:13 CST 2020","Mon Sep 14 19:21:13 CST 2020","149","case","test_02_article","","","","test_04_newmytag_5success",""
"passed","Mon Sep 14 19:21:15 CST 2020","Mon Sep 14 19:21:15 CST 2020","138","case","test_03_inspirer","","","","test_04_getuser4status",""
"passed","Mon Sep 14 19:21:13 CST 2020","Mon Sep 14 19:21:13 CST 2020","133","case","test_02_article","","","","test_03_newmytag_7failed",""
"passed","Mon Sep 14 19:21:11 CST 2020","Mon Sep 14 19:21:11 CST 2020","133","case","test_01_index","","","","test_02_getcoures",""
"passed","Mon Sep 14 19:21:15 CST 2020","Mon Sep 14 19:21:15 CST 2020","158","case","test_04_ inspirerdetails","","","","test_04_usercollections",""
"passed","Mon Sep 14 19:21:13 CST 2020","Mon Sep 14 19:21:13 CST 2020","131","case","test_02_article","","","","test_07_articlenew_contentblank",""
"passed","Mon Sep 14 19:21:12 CST 2020","Mon Sep 14 19:21:13 CST 2020","127","case","test_02_article","","","","test_02_newmytag_3failed",""
"passed","Mon Sep 14 19:21:13 CST 2020","Mon Sep 14 19:21:13 CST 2020","142","case","test_02_article","","","","test_06_articlenew_titleblank",""
"passed","Mon Sep 14 19:21:11 CST 2020","Mon Sep 14 19:21:11 CST 2020","183","case","test_01_index","","","","test_01_get_title_img",""
"passed","Mon Sep 14 19:21:12 CST 2020","Mon Sep 14 19:21:12 CST 2020","150","case","test_02_article","","","","test_01_getmytaglist",""
